name,email,city,ID,timestamp
"Landry, Shana P.",Curabitur@rhoncusid.org,Cerchio,1,0
"Morin, Ivan L.",est.Nunc.ullamcorper@arcuVestibulum.ca,Carson City,2,3000
"Yang, Cameron X.",augue@suscipit.com,Parramatta,3,6000
"Michael, Penelope W.",enim.commodo.hendrerit@pellentesquea.edu,Puntarenas,4,9000
"Edwards, Tara W.",interdum.Nunc@nisi.ca,Argyle,5,12000
"Mcdowell, Tana S.",malesuada.vel.venenatis@lacusAliquamrutrum.com,Oklahoma City,6,15000
"Christian, Ursa N.",et.eros@nonarcuVivamus.edu,Ovalle,7,18000
"Barlow, Dexter H.",mollis.nec@eusemPellentesque.co.uk,Gualdo Tadino,8,21000
"Avery, Hermione F.",justo@Sednulla.org,Omal,9,24000
"Kirby, Gabriel F.",et.netus.et@vitaenibhDonec.com,Renca,10,27000
"Kirby, Ronan G.",Donec.est@fermentumvel.ca,Camaçari,11,30000
"Gallagher, Beverly G.",ipsum.leo@rhoncusProin.org,Damoh,12,33000
"Carson, Carly T.",sagittis.semper.Nam@duiFuscediam.ca,Oetingen,13,36000
"Phelps, Ursula C.",luctus@placeratorcilacus.ca,Guaymas,14,39000
"Rush, Stone A.",ante.blandit@amet.edu,Morvi,15,42000
"Bond, Aline V.",Curae.Donec@Praesent.net,Biała Podlaska,16,45000
"Dudley, Iris L.",ut.dolor.dapibus@loremegetmollis.org,Banbury,17,48000
"Whitehead, Zia Z.",euismod.urna.Nullam@antedictumcursus.ca,Velden am Wörther See,18,51000
"Sawyer, Neil R.",Nulla.eu.neque@nonmagna.com,Kharmang,19,54000
"Stokes, Lavinia U.",Fusce.mi.lorem@Vestibulumaccumsanneque.edu,Meetkerke,20,57000
"Haley, Elaine W.",sodales.purus.in@iaculis.co.uk,Grobbendonk,21,60000
"Reese, Ivy B.",vel.vulputate.eu@dictum.com,Sahiwal,22,63000
"Brown, Kenyon U.",enim@Maecenas.org,Castiglione a Casauria,23,66000
"Meyer, Colin S.",Vivamus.sit.amet@at.ca,Schweinfurt,24,69000
"Cervantes, Stewart L.",elit.Aliquam.auctor@ipsum.org,Subbiano,25,72000
"Mckinney, Tyrone Y.",at.augue.id@Nullam.ca,Guarulhos,26,75000
"Burch, Yoko C.",porttitor.interdum.Sed@utpharetra.co.uk,Astore,27,78000
"Torres, Lareina V.",a@velpede.co.uk,Perinaldo,28,81000
"Workman, Angela O.",elit.sed@eratvel.net,Padang,29,84000
"Peterson, Xanthus C.",fringilla@ipsum.com,Tczew,30,87000
"Cotton, Chancellor E.",turpis.In@gravidaAliquamtincidunt.net,Wilmington,31,90000
"Brock, Nicholas R.",blandit.congue@Nuncsedorci.org,Teralfene,32,93000
"Nguyen, Brock O.",orci.quis@aliquetPhasellusfermentum.net,Quinta Normal,33,96000
"Salas, Hector A.",vel.arcu@mi.co.uk,Igboho,34,99000
"Maldonado, Odessa A.",Nam.porttitor.scelerisque@odioapurus.co.uk,Glasgow,35,102000
"Burke, Lester P.",Proin.ultrices@adipiscingMauris.net,Masullas,36,105000
"Best, Dane G.",et.arcu.imperdiet@Inornaresagittis.ca,Gore,37,108000
"Hart, Oliver N.",vestibulum@Nullamenim.com,Labrecque,38,111000
"Bartlett, George U.",urna.suscipit@est.org,Woodstock,39,114000
"Hickman, Jonah A.",sagittis@idrisus.org,Cumberland,40,117000
"Talley, Nelle W.",Sed.diam.lorem@miAliquam.net,Orilla,41,120000
"Cote, Isadora D.",non.justo@Aeneansed.com,Henley-on-Thames,42,123000
"Weber, Nayda K.",molestie@duiquis.ca,Toba Tek Singh,43,126000
"Hubbard, Ebony F.",pharetra.Nam.ac@congueIn.co.uk,Delft,44,129000
"Patrick, Fulton J.",urna@tristiqueac.org,Guadalajara,45,132000
"Mosley, Wylie F.",Vestibulum.ante.ipsum@Curabitur.com,Borisovka,46,135000
"Lowery, Merritt B.",dui.augue@quam.org,Lauder,47,138000
"Gentry, Shelby N.",malesuada@euismod.co.uk,Colombo,48,141000
"Hurley, Jessica J.",est.Nunc.laoreet@dolortempusnon.co.uk,San Clemente,49,144000
"Bishop, Kai L.",iaculis@enim.edu,Noisy-le-Grand,50,147000
"Dean, Julian M.",lobortis.quam@urnaUttincidunt.ca,Cuddalore,51,150000
"Short, Angela Z.",sit.amet.luctus@risusMorbimetus.edu,Vezzi Portio,52,153000
"Roberson, Carla P.",nulla.In@utsemNulla.ca,Hope,53,156000
"Alford, Aretha O.",velit.egestas.lacinia@vel.net,Sant'Agapito,54,159000
"Daugherty, Nora J.",eros.turpis.non@nuncinterdumfeugiat.net,Gjoa Haven,55,162000
"Price, Madonna H.",eu.nulla@cursusnonegestas.ca,TrognŽe,56,165000
"Shelton, Indigo S.",Nunc@Utsagittislobortis.ca,Queanbeyan,57,168000
"Le, Moana B.",Sed.eu@Quisque.co.uk,Vlissegem,58,171000
"Roberts, Erasmus Z.",Etiam@consequatpurusMaecenas.ca,Sim,59,174000
"Calhoun, Hamish F.",metus.Vivamus@ametante.com,Gembloux,60,177000
"Randolph, Hop I.",convallis.in@Namnullamagna.ca,Gujranwala,61,180000
"Anthony, Plato J.",scelerisque@elitelit.org,Hody,62,183000
"Dickerson, Velma J.",a.purus@quis.co.uk,Monte Santa Maria Tiberina,63,186000
"Buckner, Mariko K.",Praesent.eu@eu.net,Siracusa,64,189000
"Oneal, Felicia D.",consectetuer.euismod@Ut.edu,Westende,65,192000
"Gibbs, Davis M.",scelerisque.dui@mattisvelit.com,Sint-Andries,66,195000
"Pacheco, Erica E.",ut.sem.Nulla@Maecenas.com,Grimaldi,67,198000
"Ferguson, Uriel J.",mollis.nec@eleifendnunc.ca,Memphis,68,201000
"Cardenas, Autumn L.",montes.nascetur.ridiculus@dictum.org,İslahiye,69,204000
"Lowe, Ryan L.",massa.Integer@Sed.ca,Sant'Arsenio,70,207000
"Bernard, Darryl Z.",a@tellus.edu,Fayetteville,71,210000
"Cooper, Odette L.",varius@nec.co.uk,Gonnosnò,72,213000
"Kaufman, Carl G.",rutrum@accumsaninterdum.edu,Brunn am Gebirge,73,216000
"Herring, Lavinia L.",In.faucibus.Morbi@sit.co.uk,Elingen,74,219000
"Leblanc, Carl T.",molestie.orci@Nunc.edu,Lier,75,222000
"Morales, Briar W.",tristique.senectus.et@augueutlacus.org,Penco,76,225000
"Barnes, Price J.",ac.ipsum@egestas.org,Porto Alegre,77,228000
"Zamora, Griffith K.",sem.elit@ametmetusAliquam.edu,Galvarino,78,231000
"Gray, Quinn Z.",interdum.libero.dui@tortorNunc.com,Middelkerke,79,234000
"Conrad, Jacob B.",ac@dolorsit.co.uk,Recogne,80,237000
"Hayden, Jaquelyn S.",purus.Maecenas.libero@faucibusorci.net,Parral,81,240000
"Atkins, Gregory J.",tempor.lorem@vulputate.ca,Concepción,82,243000
"Beasley, Astra H.",lobortis.Class@metus.net,South Bend,83,246000
"Mcmillan, Jana W.",per@nullaatsem.net,Sargodha,84,249000
"Barr, Charlotte B.",sem@interdumNuncsollicitudin.co.uk,Fabro,85,252000
"Mcconnell, Quyn T.",consectetuer@lorem.co.uk,Hinckley,86,255000
"Holmes, Diana S.",nascetur.ridiculus.mus@seddictumeleifend.co.uk,Baie-D'Urfé,87,258000
"Pennington, Hannah L.",Aenean.sed.pede@netuset.co.uk,Riksingen,88,261000
"Powell, Camille Y.",Proin@Nullamvelit.org,Cetara,89,264000
"Dudley, Garrett G.",Morbi@adipiscingMaurismolestie.co.uk,Penhold,90,267000
"Schwartz, Hedy K.",per.inceptos.hymenaeos@faucibusut.co.uk,Archennes,91,270000
"Lester, Violet O.",id@quistristiqueac.org,Sint-Gillis-bij-Dendermonde,92,273000
"Galloway, Leroy L.",commodo.auctor@acsemut.ca,Alençon,93,276000
"Franks, Leonard H.",augue.eu.tempor@semper.edu,Gilly,94,279000
"Stewart, Harriet Q.",sollicitudin.commodo@sed.net,Licantén,95,282000
"Hammond, Jerry R.",a.mi.fringilla@sapienNuncpulvinar.edu,Girardot,96,285000
"Harvey, Davis D.",nonummy.ultricies@Crasvulputatevelit.net,Qualicum Beach,97,288000
"Spence, Jerry H.",vel.lectus.Cum@nonummyultricies.com,Loverval,98,291000
"Hickman, Raven N.",consectetuer.rhoncus@nonleo.edu,Batiscan,99,294000
"Anderson, Chaney T.",nec.malesuada.ut@mi.ca,Chippenham,100,297000
Elvis K. Roberson,ut.odio@aliquamerosturpis.co.uk,Carahue,101,299000
Hedley K. Perez,tempus.scelerisque.lorem@Integer.org,Poviglio,102,300000
Cameron G. Cherry,risus.Quisque.libero@consectetuer.com,Ponoka,103,301000
Anika P. Finley,Proin.ultrices.Duis@nuncid.co.uk,Hull,104,302000
Willow Dorsey,Fusce@faucibuslectus.net,Jeongeup,105,303000
Chandler W. Vincent,Cum@egetipsumSuspendisse.edu,Kampenhout,106,304000
Morgan Whitehead,natoque@magnaa.org,Bertiolo,107,305000
Merrill B. Brewer,id@Sedet.co.uk,Aliano,108,306000
David S. Gregory,Cum.sociis@nislQuisque.com,Teltow,109,307000
Darrel Russo,non.lorem.vitae@eleifendnondapibus.ca,Montjovet,110,308000
Darius Farrell,et.tristique@Phasellusfermentumconvallis.edu,Nagaon,111,309000
Shoshana Boone,ornare.lectus@rutrum.net,Thunder Bay,112,310000
Patience R. Reynolds,Proin.dolor.Nulla@adipiscing.com,Redlands,113,311000
Phillip Daniel,imperdiet.ornare.In@fringillami.org,Épinal,114,312000
Samantha Shepherd,tempor.bibendum.Donec@parturient.ca,Schulen,115,313000
Aspen Nichols,nisl.elementum.purus@luctussitamet.com,Zeya,116,314000
Mary Dennis,Fusce.fermentum@erosNamconsequat.ca,Ronciglione,117,315000
Hoyt V. Patel,molestie@gravida.com,Mount Pearl,118,316000
Petra Walters,ultrices.posuere@Nullamnisl.com,Kerkhove,119,317000
Cherokee A. Mcgee,scelerisque.scelerisque@blandit.co.uk,Reading,120,318000
Isabelle A. Pitts,mauris.eu.elit@eleifendegestasSed.org,Vanier,121,319000
Rhea Williamson,non.vestibulum@gravidamolestiearcu.edu,Popayán,122,320000
Nita Y. Larsen,auctor.ullamcorper.nisl@lectusquis.net,Sint-Renelde Saintes,123,321000
Nina Nguyen,tempus.non.lacinia@urnajustofaucibus.ca,West Valley City,124,322000
Faith E. Baxter,et.nunc.Quisque@lectus.ca,Gifhorn,125,323000
Kelly C. Vincent,parturient.montes@purus.ca,Coatzacoalcos,126,324000
Kieran Mccray,Nunc.ullamcorper.velit@Cumsociis.com,Jodoigne,127,325000
Jesse T. Malone,mus.Donec.dignissim@liberoProin.com,Pereira,128,326000
Stacey I. Wells,accumsan.convallis@enimcondimentumeget.com,Baden,129,327000
Bradley X. Livingston,magna@aauctor.edu,Arles,130,328000
Yardley O. Mccullough,ipsum@ante.org,Bidar,131,329000
Velma H. Lawrence,Nam.ac.nulla@vitae.ca,Stockerau,132,330000
Driscoll Pickett,rutrum.lorem.ac@sitametorci.com,Yeoju,133,331000
Jamalia A. James,ut@ante.org,Wepion,134,332000
Emerson A. Blackburn,Phasellus.vitae.mauris@sapiencursus.ca,Saint-Maur-des-Fossés,135,333000
Darius G. Jenkins,natoque.penatibus.et@hendreritnequeIn.com,Rocca di Cambio,136,334000
Beatrice Y. Cardenas,ullamcorper.Duis.at@elit.ca,Pointe-au-Pic,137,335000
Uta Y. Pate,faucibus.orci.luctus@habitantmorbitristique.com,Wiener Neustadt,138,336000
Ulysses Washington,metus.Vivamus@Crasdolordolor.com,Lonzee,139,337000
Clio Z. Noble,fringilla.porttitor@Nullamsuscipitest.net,Polpenazze del Garda,140,338000
Jack D. Rios,mauris.aliquam@Quisquetincidunt.edu,Cellara,141,339000
Demetrius Z. Merritt,consequat@odioauctor.co.uk,Brescia,142,340000
Ayanna S. Randall,Nulla@eumetus.ca,Poitiers,143,341000
Jackson Hinton,faucibus.leo.in@facilisiSed.ca,Montebelluna,144,342000
Danielle Vargas,Nullam.scelerisque.neque@etultrices.org,Bremen,145,343000
Lacota Cross,gravida.Aliquam@parturient.co.uk,Arnhem,146,344000
Blossom D. Farmer,Mauris.ut.quam@inlobortistellus.org,Witney,147,345000
Kaseem Cooke,malesuada@Sedeueros.co.uk,Forfar,148,346000
Odessa Barry,lorem@nonbibendumsed.net,Chittoor,149,347000
Michael X. Duffy,Duis@dapibusrutrumjusto.co.uk,Kitscoty,150,348000
Kaitlin Burris,Suspendisse.commodo@Aeneanmassa.net,Meridian,151,349000
Judah Fitzpatrick,ultrices.posuere@tincidunt.co.uk,Bazzano,152,350000
Hayfa Nash,natoque.penatibus.et@Donecfringilla.ca,Ambala Sadar,153,351000
Grady G. Riggs,Etiam@elementum.com,Sylvan Lake,154,352000
Aquila Weiss,orci.luctus@cursuspurus.co.uk,Warburg,155,353000
Todd Chandler,Proin.velit@purussapiengravida.com,Knokke-Heist,156,354000
Eve P. Mccoy,est@elitafeugiat.com,Berg,157,355000
Kibo N. Dixon,sed@aliquamadipiscinglacus.org,Saint Louis,158,356000
Nehru Morrison,purus.ac@Aenean.edu,Motala,159,357000
Giacomo H. David,varius.ultrices.mauris@ridiculusmus.edu,Bad Hersfeld,160,358000
Keaton Whitfield,vulputate.posuere.vulputate@scelerisque.edu,Notre-Dame-du-Nord,161,359000
Solomon George,libero.et.tristique@auctor.co.uk,Sainte-Flavie,162,360000
Justina W. Parker,nec.orci.Donec@arcu.org,Barcelona,163,361000
Wesley Holman,blandit.viverra.Donec@tellussem.org,Mussy-la-Ville,164,362000
Zorita Rowland,at.sem@netusetmalesuada.net,Rödermark,165,363000
Astra Merrill,et.commodo@vestibulumloremsit.com,Russell,166,364000
Wing Murray,Etiam.laoreet.libero@molestie.co.uk,Melton,167,365000
Quyn Mays,nulla.magna.malesuada@ligulatortor.ca,Tranås,168,366000
Jada V. Harrell,turpis.nec.mauris@nequetellusimperdiet.edu,Cras-Avernas,169,367000
Reece Y. Graves,mauris.Suspendisse.aliquet@necenim.org,Etobicoke,170,368000
Aristotle Kemp,Vivamus@habitantmorbi.org,Hollogne-sur-Geer,171,369000
Orli A. Kelly,id.mollis.nec@adui.edu,Pomarico,172,370000
Josephine S. Dorsey,eu.ligula.Aenean@placeratvelitQuisque.edu,College,173,371000
Vincent Fields,risus.quis.diam@nostraper.com,Sint-Genesius-Rode,174,372000
Karen P. Cherry,non.lobortis@eumetusIn.ca,Marbella,175,373000
Isadora F. May,gravida.Praesent.eu@miacmattis.com,San Pietro Mussolino,176,374000
Elaine K. Morin,eu@Nullafacilisi.ca,Namyangju,177,375000
Luke Blake,Suspendisse.sed@diam.ca,Norman,178,376000
Aphrodite Stokes,nec.tempus.mauris@Cumsociis.edu,Chicago,179,377000
Rooney Rosario,Sed.eu.nibh@temporaugueac.net,Kaluga,180,378000
Moses Conley,scelerisque.scelerisque@nonenim.ca,Spinoso,181,379000
Veda C. Davis,vulputate@Praesenteunulla.org,Bonnyrigg,182,380000
Cleo I. Shepherd,justo.Praesent.luctus@posuere.net,Saint-Urbain,183,381000
Amena Kidd,Quisque.tincidunt.pede@vulputate.edu,Canela,184,382000
Sydnee Trujillo,purus.ac@temporest.ca,Yahyalı,185,383000
Ruth H. Obrien,Vivamus@massalobortisultrices.ca,Grayvoron,186,384000
Kamal J. Chambers,eu.nibh.vulputate@magnisdis.edu,Benestare,187,385000
Keaton Porter,amet@et.co.uk,Jalgaon,188,386000
Nicole T. Battle,egestas.blandit@interdumenim.net,Wetaskiwin,189,387000
Davis B. Sweet,mollis.dui.in@quisaccumsan.ca,Les Bons Villers,190,388000
Odette Hall,elit.pretium@sit.edu,Municipal District,191,389000
Carter Cobb,vitae.sodales.at@ut.edu,Sint-Katherina-Lombeek,192,390000
Anastasia D. Lynch,dolor@nasceturridiculusmus.org,Camporotondo di Fiastrone,193,391000
Sarah I. Kline,faucibus.orci.luctus@commodo.org,South Bend,194,392000
Amity Bruce,Sed.eu.eros@non.co.uk,Dave,195,393000
Marcia Ramsey,ante.lectus.convallis@Cras.ca,Tenby,196,394000
Cruz Trevino,felis@Vivamussit.net,Profondeville,197,395000
Xaviera C. Drake,tincidunt.nunc.ac@egestasFusce.ca,Port Coquitlam,198,396000
Dana Hawkins,nunc.sit@diameu.com,Essex,199,397000
Scott K. Bates,vel.arcu@Innecorci.net,Loncoche,200,398000

